"Skin Name","Type","Skin Rarity","Base Value","Obtainable By"
"1337","Shark","Mythical","300,000","All chests"
"2022","VITA","Legendary","20,000","All chests"
"2024","Bayonet","Mythical","500,000","All chests"
"2025","Character","Mythical","450,000","150x 💎"
"2025 Bayonet","Bayonet","Mythical","1,000,000","150x 💎"
"2025 Revolver","Revolver","Mythical","750,000","All Chests/ Packs"
"2025 Shark","Shark","Mythical","1,200,000","150x 💎"
"2025 VITA","VITA","Mythical","700,000","150x 💎"
"2026","Character","Mythical","450,000","100x💎"
"2026 Bayonet","Bayonet","Mythical","550,000","150x💎"
"2026 Shark","Shark","Paranormal","25,000,000","All Chests"
"2026 Vita","Vita","Mythical","600,000","150x💎"
"22","Bayonet","Epic","750,000,000","Glitched in chests"
"Abstraction","VITA","Mythical","500,000","38th Clan War"
"Abyss","Character","Mythical","1,000,000","Watch 15 hours Kirka"
"Ace","Revolver","Common","100","All chests"
"Admiral","AR-9","Rare","1,000,000","5th & 0th Clan War"
"Adora","Character","Paranormal","40,000,000","Girls Band"
"Agrath","Character","Mythical","40,000,000","1000x💎"
"Alex","Character","Rare","250","All chests / Packs"
"Alice","Character","Mythical","600,000,000","Watch 15 hours Venatrix"
"Alien","Weatie","Legendary","600,000","4th Clan War"
"Alien Hazard","Revolver","Legendary","200,000","11th Clan War"
"Alighted","Bayonet","Mythical","150,000","37th Clan War"
"All Spark","Revolver","Mythical","250,000","38th Clan War"
"Alpha","Bayonet","Mythical","550,000","1K Bayonet Kills"
"Alucard","Tomahawk","Mythical","600,000","150x 💎"
"Ambrosia","Shark","Mythical","4,500,000","5k Shark Kills"
"Amelia","Character","Mythical","40,000,000","1000x💎"
"Amethysta","Character","Mythical","40,000,000","1000x💎"
"Anarch","Bayonet","Mythical","900,000","41st Clan War"
"Anarchy","VITA","Mythical","20,000,000","7.5k Mid-Air Kills"
"Andromeda","MAC-10","Legendary","2,000,000","11th Clan War"
"Angel","Character","Mythical","2,000,000","Watch 15 hours Kirka"
"Anon","Character","Mythical","14,999,999","850x💎"
"Antique","Bayonet","Paranormal","22,000,000","All Chests"
"Apexial","Ar-9","Legendary","TBD","25k Ar-9 HS"
"Apollo","SCAR","Mythical","360,000,000","20k Scar Kills"
"Apple","Bayonet","Legendary","500,000","60x 💎"
"AR-9","AR-9","Default","0","Default Item"
"Arachne","Vita","Mythical","2,000,000","43rd Clan War"
"Arc","Character","Legendary","375,000","60x 💎"
"Arcade","VITA","Mythical","80,000,000","Watch 15 hours Gecko"
"Archverse","Bayonet","Mythical","35,000,000","100 SAD Wins"
"Aria","Character","Rare","250","All chests / Packs"
"Aries","Shark","Mythical","75,000,000","2.5k Shark Kills"
"Aron","Character","Legendary","5,000","Christmas Chest"
"Artic Illusion","Revolver","Rare","250","All chests / Packs"
"Artificial","Character","Mythical","500,000","150x 💎"
"Ashley","Character","Mythical","30,000,000","Watch 15 hours Kirka"
"Astatine","Character","Mythical","15,000,000","1000x💎"
"Astra","VITA","Mythical","150,000","21st-29th Clan War"
"Astral","AR-9","Mythical","30,000,000","10k AR-9 Kills"
"Astronova","LAR","Mythical","200,000","38th Clan War"
"Atlantis","Vita","Mythical","TBD","20 Daily Streak"
"Atomic","Revolver","Rare","250","All chests / Packs"
"Attention","M60","Common","100","All chests / Packs"
"Aubree","Character","Epic","1,000","All chests"
"Aurum","Character","Epic","1,000","All chests"
"Awesome","SCAR","Legendary","25,000","All chests"
"Aztek","Weatie","Legendary","5,000","All chests"
"Azure","Shark","Legendary","250,000","60x 💎"
"Back To School","Shark","Mythical","3,000,000","150x 💎"
"Bad Bunny","Character","Legendary","250,000","60x 💎"
"Badlander","Weatie","Mythical","120,000,000","2000x💎"
"Baldwin","Character","Mythical","550,000","Watch 15 hours Kirka"
"Bamboo","Vita","Mythical","500,000","150x 💎"
"Banar","Lar","Legendary","750,000","90x 💎"
"Bansee","Vita","Mythical","7,000,000","Watch 15 hours Kirka"
"Basket","Character","Mythical","6,000,000","Watch 15 hours Kirka"
"Basketcase","Character","Mythical","4,500,000","150x 💎"
"Bay","Shark","Legendary","3,500,000","3rd Clan War"
"Bayonet","Bayonet","Default","0","Default Item"
"Beach","Bayonet","Legendary","6,250,000","3rd Clan War"
"Beast","Character","Mythical","1,000,000,000","3000 KLO & 150x 💎"
"Bee","M60","Legendary","5,000","All chests"
"Beet","MAC-10","Common","100","All chests / Packs"
"Beyona","Character","Rare","250","All chests / Packs"
"Biker","Character","Mythical","15,000,000","1000x💎"
"Billion","Shark","Mythical","3,000,000","150x 💎"
"Bingle","Character","Legendary","5,000","Christmas Chest"
"Bismuth","Character","Rare","250","All chests / Packs"
"Black Flame","Revolver","Mythical","13,000,000","5k Revolver Kills"
"Black Metal","VITA","Legendary","15,000","All chests"
"Black Metal 2.0","LAR","Legendary","2,000,000","6th Clan War"
"Black Santa","Character","Paranormal","57,000,000","Christmas Chest"
"Blackhole","Bayonet","Paranormal","25,000,000","All Chests"
"Blackout","Revolver","Legendary","10,000","All chests"
"Blast","Character","Mythical","200,000","Blast Set Compenation"
"Blast AR-9","AR-9","Mythical","700,000","""Blast"" 850x 💎"
"Blast Bayonet","Bayonet","Mythical","1,200,000","""Blast"" 850x 💎"
"Blast LAR","LAR","Mythical","700,000","""Blast"" 850x 💎"
"Blast M60","M60","Mythical","700,000","""Blast"" 850x 💎"
"Blast MAC-10","MAC-10","Mythical","700,000","""Blast"" 850x 💎"
"Blast Revolver","Revolver","Mythical","700,000","""Blast"" 850x 💎"
"Blast SCAR","SCAR","Mythical","2,000,000","""Blast"" 850x 💎"
"Blast Shark","Shark","Mythical","1,200,000","""Blast"" 850x 💎"
"Blast Tomahawk","Tomahawk","Mythical","1,700,000","""Blast"" 850x 💎"
"Blast VITA","VITA","Mythical","1,200,000","""Blast"" 850x 💎"
"Blast Weatie","Weatie","Mythical","700,000","""Blast"" 850x 💎"
"Blaze","Character","Mythical","35,000,000","1000x💎"
"Bled","Bayonet","Legendary","350,000,000","Spawned & Giveaway"
"Blessed","Character","Mythical","1,500,000","""Dragonic"" 850x 💎"
"Bloo","Bayonet","Mythical","4,500,000","250 KLO & 150x 💎"
"Blood Crystal","VITA","Epic","1,000","All chests / Packs"
"Bloody","MAC-10","Common","100","All chests / Packs"
"Bloom","Character","Mythical","35,000,000","Watch 15 hours Kirka"
"Blue Hell","VITA","Legendary","10,000","All chests"
"Blueberry","VITA","Rare","250","All chests / Packs"
"Bob","Character","Rare","250","Christmas Chest"
"Boba","Character","Mythical","1,000,000","Watch 15 hours Kirka"
"Boby","Character","Common","100","All chests / Packs"
"Bok","Character","Mythical","550,000","Watch 15 hours Kirka"
"Bone","Bayonet","Mythical","25,000,000","150x 💎"
"Bones","Character","Mythical","15,000,000","1000x💎"
"Boo","Character","Legendary","70,000,000","150x 💎"
"Borg","Character","Mythical","2,000,000","Watch 15 hours Kirka"
"Born","M60","Mythical","350,000,000","5k M-60 Kills"
"Bound","Ar-9","Mythical","3,500,000","750 SRP & 150x 💎"
"Box","Character","Mythical","10,000,000","1000x💎"
"Bright","Scar","Mythical","TBD","14 Daily Streak"
"BRIGHTSTAR","Bayonet","Mythical","80,000,000","2000x💎"
"Bromine","Character","Common","100","All chests / Packs"
"Bros","VITA","Mythical","500,000,000","Gift for BVL Members"
"Brown","AR-9","Common","100","All chests / Packs"
"Bryan","Character","Mythical","1,200,000","Watch 15 hours Kirka"
"Bubblegum","Weatie","Rare","250","All chests / Packs"
"Bubblepop","Bayonet","Mythical","50,000,000","1000x💎"
"Bullseye","Character","Mythical","60,000,000","2 Subs on Twitch"
"Bunny","Character","Epic","150,000,000","80x 💎"
"Burger","Character","Legendary","225,000","60x 💎"
"Bush","LAR","Common","100","All chests / Packs"
"Bushido","Shark","Legendary","800,000,000","150x 💎"
"Business Cat","Character","Mythical","30,000,000","1000x💎"
"Butterflies","Bayonet","Legendary","625,000,000","Offical Giveaway"
"Camilo","Character","Common","100","All chests / Packs"
"Camouflage","SCAR","Common","100","All chests / Packs"
"Candle","Bayonet","Mythical","40,000,000","1 Sub on Twitch"
"Candy","Shark","Legendary","320,000,000","150x 💎"
"Candy Illusion","VITA","Epic","1,000","All chests / Packs"
"Cane","Bayonet","Epic","60,000,000","80x 💎"
"Canvas","Ar-9","Mythical","65,000,000","750 SRP & 150x💎 "
"Capricorn","Tomahawk","Mythical","2,000,000","All chests"
"Capy","Character","Mythical","TBD","2000x💎"
"Caramel","Character","Mythical","15,000,000","1000x💎"
"Carbon","Character","Epic","1,000","All chests / Packs"
"Carbon Fade","AR-9","Epic","1,000","All chests / Packs"
"Cargo","SCAR","Legendary","20,000","All chests"
"Caring","Bayonet","Mythical","3,000,000","1k Bayonet Kills"
"Carrot","Character","Legendary","15,000","Party Pack"
"Carrot Blaster","Revolver","Mythical","70,000,000","1000x💎"
"Carvings","Character","Mythical","50,000,000","3000 SRP & 150x💎 "
"Case Hardened","Revolver","Rare","250","All chests / Packs"
"Cassiope","VITA","Mythical","72,000,000","500 Mid-air 360 Kills"
"Catalyst","MAC-10","Mythical","5,000,000","5k MAC-10 Kills"
"Catcat","Character","Mythical","90,000,000","2000x💎"
"Celebrate","Shark","Legendary","1,000,000","8th Clan War"
"Cernunnos","Character","Rare","250","Christmas Chest"
"Ceru","Character","Mythical","500,000","150x 💎"
"Champion","Bayonet","Legendary","0","2022 Offical Tournament"
"Charmed","Bayonet","Mythical","500,000","150x 💎"
"Checker","M60","Epic","1,000","All chests / Packs"
"CheckUV","VITA","Legendary","100,000","19th Clan War"
"Cheesy","Shark","Legendary","25,000,000","2.5k Shark Kills"
"Cheetah","Character","Legendary","750,000","90x 💎"
"Cherry","Tomahawk","Mythical","1,000,000,000","1k Bayonet H/S"
"Chess","LAR","Rare","250","All chests / Packs"
"Chick","Character","Mythical","50,000,000","1000x💎"
"Chill","Character","Rare","250","Christmas Chest"
"Chillin","Character","Mythical","1,000,000","150x 💎"
"Chilly","Character","Mythical","15,000,000","850x💎"
"Choco","Character","Legendary","900,000","60x 💎"
"Chocolate","Character","Legendary","390,000,000","150x 💎"
"Christmas","Chest","Mythical","1,500","Shop"
"Chroma","LAR","Mythical","600,000","20th Clan War"
"Chromaflame","Lar","Mythical","450,000","40th Clan War"
"Chromatic","VITA","Legendary","950,000","15th Clan War"
"Chromium","Bayonet","Mythical","33,000,000","2000 SRP & 150x 💎"
"Chunkbug","Character","Mythical","15,000,000","850x💎"
"Cinder","Character","Mythical","850,000","150x 💎"
"Cipher","Character","Mythical","30,000,000","Watch 10 hours Gecko"
"Circuit","VITA","Common","2000","All chests / Packs"
"Citrouille","Character","Legendary","175,000","60x 💎"
"Cloud","Character","Mythical","15,000,000","1000x💎"
"Cloudy","AR-9","Legendary","1,800,000","7th Clan War"
"Clover","MAC-10","Mythical","500,000","150x 💎"
"Clownabeth","Character","Mythical","12,000,000","150x 💎"
"Clownicidal","Bayonet","Mythical","25,000,000","Admin Drop"
"Cocktail","Character","Mythical","20,000,000","1000x💎"
"Cold","Card","Common","500","Shop"
"Color","Character","Mythical","1,500,000","150x 💎"
"Colton","Character","Common","100","All chests / Packs"
"Complexity","Revolver","Epic","1,000","All chests / Packs"
"Constellations","Bayonet","Mythical","27,000,000","15 hours or 2 subs Gecko"
"Contrast","AR-9","Rare","250","All chests / Packs"
"Cookie","Character","Mythical","2,000,000","Watch 15 hours Kirka"
"Coolas","Character","Rare","250","All chests / Packs"
"Cornfield","Bayonet","Mythical","400,000","All chests"
"Corny","Character","Legendary","250,000","60x 💎"
"Corrupt","Character","Mythical","4,500,000","Watch 15 hours Kirka"
"Corundum","Mac-10","Legendary","1,500,000","48th Clan War"
"Cosmic Bliss","Revolver","Mythical","25,000,000","20k rev headshots"
"Cosmos","VITA","Mythical","600,000","All chests"
"Cover","VITA","Common","100","All chests / Packs"
"Cozy","Character","Rare","250","Christmas Chest"
"Cozy James","Character","Mythical","15,000,000","1000x💎"
"Crash","M60","Legendary","5,000","All chests"
"Crazy","AR-9","Legendary","550,000,000","150x 💎"
"Crimson","Revolver","Common","100","All chests / Packs"
"Crispy","Character","Mythical","2,000,000","Watch KirkaComp 1hr"
"Critical","Revolver","Common","100","All chests / Packs"
"Crosses","Revolver","Common","100","All chests / Packs"
"Cryonic","Character","Mythical","3,500,000","Watch 15 hours Kirka"
"Cryptex","Bayonet","Mythical","35,000,000","15 hrs Gecko/Boingoo"
"Crystal","MAC-10","Rare","250","All chests / Packs"
"Crystalized","Revolver","Mythical","80,000","33rd-34th Clan War"
"Cult","VITA","Epic","1,000","All chests / Packs"
"Cupcake","Character","Rare","250","Halloween Chest"
"Cuprum","Character","Common","100","All chests / Packs"
"Curry","Weatie","Epic","200,000,000","0th Clan War"
"Cv01","Bayonet","Mythical","2,000,000","42nd Clan War"
"Cwn","Character","Legendary","5,000","Christmas Chest"
"Cyan","AR-9","Rare","250","All chests / Packs"
"CYB3R","Bayonet","Mythical","350,000","43rd Clan War"
"Cyber","LAR","Legendary","10,000","All chests"
"Cyber AR-9","AR-9","Mythical","700,000","""Cyber"" 850x 💎"
"Cyber Bayonet","Bayonet","Mythical","1,200,000","""Cyber"" 850x 💎"
"Cyber LAR","LAR","Mythical","700,000","""Cyber"" 850x 💎"
"Cyber M60","M60","Mythical","800,000","""Cyber"" 850x 💎"
"Cyber MAC-10","MAC-10","Mythical","700,000","""Cyber"" 850x 💎"
"Cyber Revolver","Revolver","Mythical","700,000","""Cyber"" 850x 💎"
"Cyber SCAR","SCAR","Mythical","2,000,000","""Cyber"" 850x 💎"
"Cyber Shark","Shark","Mythical","1,500,000","""Cyber"" 850x 💎"
"Cyber Tomahawk","Tomahawk","Mythical","1,700,000","""Cyber"" 850x 💎"
"Cyber VITA","VITA","Mythical","1,500,000","""Cyber"" 850x 💎"
"Cyber Weatie","Weatie","Mythical","700,000","""Cyber"" 850x 💎"
"Cyberpunk","AR-9","Legendary","25,000","All chests"
"Cyborg","VITA","Legendary","600,000","16th Clan War"
"Cyclop","Character","Mythical","1,000,000","Watch 15 hours Kirka"
"DaBaby","Character","Rare","250","All chests / Packs"
"Damascus","Tomahawk","Mythical","1,100,000","All chests"
"Dandelion","MAC-10","Common","100","All chests / Packs"
"Danger","Revolver","Common","100","All chests / Packs"
"Darkift","Character","Mythical","35,000","Play 15 min of kirka"
"Darkweb","Character","Mythical","15,000,000","1000x💎"
"Darling","VITA","Legendary","15,000","All chests"
"Daunt","Character","Mythical","150,000,000","1000x💎"
"Daynight","Character","Mythical","100,000,000","1000x💎"
"Decor","Character","Mythical","100,000","Christmas Chest"
"Decorations","Shark","Mythical","450,000","150x 💎"
"Delicate","M60","Mythical","70,000,000","45k M60 Kills"
"Demon","SCAR","Legendary","2,200,000","15th Clan War"
"Destiny","Character","Legendary","15,000","Girls Band Pack"
"Diablo","M60","Legendary","25,000","33rd-34th Clan War"
"Diane","Shark","Mythical","550,000","150x 💎"
"dipolar","Character","Mythical","15,000,000","1000x💎"
"Dissident","Shark","Legendary","1,500,000,000","Glitched in chests/marketed"
"Distortion","MAC-10","Mythical","175,000","40th Clan War"
"Dob","Character","Common","100","All chests / Packs"
"Donut","MAC-10","Rare","250","All chests / Packs"
"Doom","Character","Legendary","10,000","Halloween Chest"
"Dradeer","Character","Legendary","5,000","Christmas Chest"
"Dragon","Character","Mythical","750,000","Watch 15 hours Kirka"
"Dragon Shark","Shark","Mythical","650,000","41st Clan War"
"Dragonic","Character","Mythical","20,000,000","1000x💎"
"Dragonic AR-9","AR-9","Mythical","700,000","""Dragonic"" 850x 💎"
"Dragonic Bayonet","Bayonet","Mythical","1,000,000","""Dragonic"" 850x 💎"
"Dragonic LAR","LAR","Mythical","500,000","""Dragonic"" 850x 💎"
"Dragonic M60","M60","Mythical","500,000","""Dragonic"" 850x 💎"
"Dragonic MAC-10","MAC-10","Mythical","500,000","""Dragonic"" 850x 💎"
"Dragonic Revolver","Revolver","Mythical","700,000","""Dragonic"" 850x 💎"
"Dragonic SCAR","SCAR","Mythical","2,000,000","""Dragonic"" 850x 💎"
"Dragonic Shark","Shark","Mythical","1,000,000","""Dragonic"" 850x 💎"
"Dragonic Tomahawk","Tomahawk","Mythical","700,000","""Dragonic"" 850x 💎"
"Dragonic VITA","VITA","Mythical","1,500,000","""Dragonic"" 850x 💎"
"Dragonic Weatie","Weatie","Mythical","500,000","""Dragonic"" 850x 💎"
"Drake","Bayonet","Mythical","600,000","All chests"
"Dreamscape","Lar","Mythical","50,000,000","50k Lar Kills"
"Druboor","Character","Epic","1,000","Halloween Chest"
"Duelist","Character","Mythical","750,000,000","Gift for Kaz3"
"Dynasty","Character","Mythical","500,000","150x💎"
"Easter","Bayonet","Legendary","110,000,000","150x 💎"
"Eci","Bayonet","Mythical","600,000","150x💎"
"Eclipse","Bayonet","Mythical","500,000","150x 💎"
"Egg Hunt","Shark","Mythical","6,000,000","150x 💎"
"Eggs","Bayonet","Mythical","600,000","150x 💎"
"Eleanor","Character","Mythical","35,000,000","1000x💎"
"Electra","Bayonet","Mythical","15,000,000","5k Bayonet Kills"
"Elf","Character","Mythical","650,000","Watch 15 hours Kirka"
"Elijah","Character","Mythical","2,000,000","""Hot Rod"" 850x 💎"
"Elizabeth","Character","Default","0","Default Item"
"Ellie","Character","Rare","250","All chests / Packs"
"Elmoo","Character","Common","100","All chests / Packs"
"Elves","Character","Paranormal","430,000,000","Christmas Chest"
"Elysian","Shark","Mythical","60,000,000","25k Shark Kills"
"Ember","Character","Mythical","550,000","watch 15 hours Kirka"
"Emoo","Character","Common","100","All chests / Packs"
"Emperor","Character","Mythical","20,000,000","1000x💎"
"Employed","Character","Mythical","50,000,000","1000x💎"
"Empress","VITA","Legendary","3,500,000","12th Clan War"
"Enderman","Character","Epic","1,000","All chests / Packs"
"Endless","Character","Mythical","35,000,000","Watch 15 hours Kirka"
"Engravement","Bayonet","Mythical","500,000","All chests"
"Entity","Character","Mythical","80,000,000","2000x💎"
"Equalizer","Scar","Mythical","60,000,000","65k Scar Kills"
"Error","Character","Mythical","4,000,000","Watch 15 hours Kirka"
"Eruption","Bayonet","Legendary","150,000","17 & 18th Clan War"
"Esto","Character","Rare","250","All chests / Packs"
"Eva","AR-9","Legendary","20,000","All chests"
"Eve","Character","Mythical","200,000","Christmas Chest"
"Evening","Weatie","Common","100","All chests / Packs"
"Fabric","AR-9","Common","200","All chests / Packs"
"Fade","Revolver","Legendary","10,000","All chests"
"Faded","Bayonet","Mythical","40,000,000","5k Bayonet Kills"
"Fading Waves","Weatie","Epic","1,000","All chests / Packs"
"Fallen","VITA","Mythical","22,500,000","1000 KLO & 150x 💎"
"Fallout","Vita","Mythical","750,000","150x 💎"
"Fangs","Character","Mythical","400,000,000","1750 SRP & 150x💎 "
"Fanny","Character","Mythical","5,000,000","Watch 15 hours Kirka"
"Fathom","Shark","Mythical","57,500,000","25k Shark HS"
"Feathered","LAR","Mythical","40,000,000","35,000 kills with LAR"
"Ferrum","Character","Common","100","All chests / Packs"
"Festive","Revolver","Legendary","750,000","8th Clan War"
"Fever","Scar","Mythical","250,000","39th Clan War"
"Fih","Character","Rare","250","Christmas Chest"
"Finite","Character","Mythical","110,000,000","1000x💎"
"Finx","Character","Epic","1,000","Christmas Chest"
"Fire","MAC-10","Legendary","15,000","All chests"
"Firecracker","Bayonet","Mythical","1,500,000","150x 💎"
"Firedemon","Character","Legendary","2,800,000","Halloween Chest"
"Firefighter","Character","Epic","1,000","Halloween Chest"
"Firestorm","Mac-10","Mythical","52,000,000","45k Mac-10 Kills"
"Flaming","Bayonet","Mythical","125,000,000","10k Bayonet Kills"
"Flarefang","Bayonet","Mythical","800,000","39th Clan War"
"Fleur","Character","Legendary","1,000,000","60x 💎"
"Floatie","Character","Mythical","TBD","17 Daily Streak"
"Flow","Revolver","Epic","1,000","All chests / Packs"
"Flower","Shark","Mythical","4,500,000","150x 💎"
"Flowerpower","Character","Mythical","165,000,000","1000x💎"
"Flowers","Character","Mythical","70,000,000","Sub to Kirka Twitch Stream"
"Flowstate","Vita","Mythical","450,000,000","Gift for Flow Members"
"Fluorescent","Vita","Mythical","696,969,696","Gift for Bloom"
"Foil","Character","Mythical","35,000","Play 15 min of kirka"
"Foolish","Character","Mythical","500,000","150x 💎"
"Forbidden","Ar-9","Mythical","1,000,000","44tb Clan War"
"Forest","SCAR","Rare","250","All chests / Packs"
"Forge","Bayonet","Legendary","900,000,000","Offical Giveaway"
"Fortunado","Character","Legendary","1,000,000","60x 💎"
"Fortunate","Shark","Mythical","500,000","150x 💎"
"Fraboon","Character","Mythical","600,000","150x 💎"
"Fractal","Vita","Mythical","2,000,000","46th clan war"
"Fragile","VITA","Mythical","5,000,000","10K VITA Kills"
"Franken James","Character","Legendary","10,000","Halloween Chest"
"Frau","Character","Mythical","15,000,000","1000x💎"
"Friendly","SCAR","Common","5,000","All chests / Packs"
"Frosty","Character","Epic","1,000","All chests / Packs"
"Frozen","Character","Paranormal","30,000,000","Cold Pack"
"Fruchtebrot","Character","Legendary","200,000","60x 💎"
"Fudge","VITA","Mythical","500,000","150x 💎"
"Fumes","Bayonet","Mythical","2,500,000","47th Clan War"
"Fun","LAR","Rare","250","All chests / Packs"
"Fur","VITA","Epic","1,000","All chests / Packs"
"Fusion","Bayonet","Legendary","2,500,000","48th Clan War"
"Gaia","Character","Mythical","2,000,000","150x 💎"
"Galaxy","LAR","Epic","1,000","All chests / Packs"
"Gamma","Character","Mythical","40,000,000","1000x💎"
"Ganache","Revolver","Mythical","700,000","150x 💎"
"Garden","Lar","Mythical","15,000,000","1000x💎"
"Gardener","Bayonet","Mythical","15,000,000","1000x💎"
"Gazer","Character","Mythical","50,000,000","1000x💎"
"Gem","M60","Rare","250","All chests / Packs"
"Gem Stone","Character","Mythical","600,000","Watch 15 hours Kirka"
"Gentleman","Character","Mythical","40,000,000","1000x💎"
"Geode","Character","Paranormal","40,000,000","Periodic Pack"
"George","M60","Common","100","All chests / Packs"
"GGLITCH","Character","Mythical","2,000,000","""Cyber"" 850x 💎"
"Ghillie","Character","Mythical","3,000,000","Soldiers Pack"
"Ghost","VITA","Epic","1,000","All chests / Packs"
"Ghosta","Character","Epic","1,000","Halloween Chest"
"Ghoul","Character","Mythical","11,000,000","500 Games Played"
"Gift","VITA","Epic","600,000,000","80x 💎"
"Gifted","Character","Paranormal","120,000,000","Christmas Chest"
"Gifto","Character","Epic","1,000","Christmas Chest"
"Gilded","VITA","Legendary","500,000","33rd-34th Clan War"
"Gingerman","Character","Legendary","2,000,000,000","150x 💎"
"Gingy","Character","Mythical","125,000","Christmas Chest"
"Girls band","Card","Common","500","Shop"
"Glacial","Weatie","Epic","1,000","All chests / Packs"
"Glance","Bayonet","Legendary","3,500,000","12th Clan War"
"Glitter","Bayonet","Mythical","2,000,000","150x 💎"
"Globe","VITA","Legendary","2,000,000","7th Clan War"
"Gloop","Shark","Paranormal","25,000,000","All chests"
"Gloopies","Lar","Mythical","500,000","150x 💎"
"Gluerf","Character","Legendary","200,000","50 KLO & 60x 💎"
"Goat","Character","Mythical","500,000,000","3000 SRP & 150x 💎"
"Goblin","Character","Mythical","50,000,000","1000x💎"
"Godzilla","AR-9","Legendary","2,500,000","14th Clan War"
"Goge","Character","Rare","250","All chests / Packs"
"Gold","VITA","Legendary","1,550,000,000","0th Clan War"
"Gold Coins","Bayonet","Legendary","2,500,000"," Watch 15 hours Kirka"
"Golden","Chest","Legendary","1,000","Shop"
"Golem","Character","Mythical","15,000,000","1000x💎"
"Gonzo","Character","Mythical","40,000,000","2000x💎"
"Gore","Character","Mythical","15,000,000","1000x💎"
"Grass","Weatie","Rare","250","All chests / Packs"
"Gray","Character","Rare","250","All chests / Packs"
"Graya","Character","Common","100","All chests / Packs"
"Grayscale","Character","Mythical","50,000,000","1000x💎"
"Greg","AR-9","Rare","250","All chests / Packs"
"Grinch","Character","Epic","550,000,000","80x 💎"
"Grinchette","Character","Mythical","500,000","2,500 Score"
"Gryla","Character","Epic","1,000","Christmas Chest"
"Gummybear","Character","Mythical","25,000,000","1000x💎"
"Guts","Character","Legendary","250,000","60x 💎"
"Gwen","Character","Mythical","5,500,000","Watch 15 hours Kirka"
"Hadley","M60","Epic","1,000","All chests / Packs"
"Halloween","Chest","Common","5,000","Shop"
"Hallowkod","Character","Mythical","1,000,000","Watch 15 hours Kirka"
"Hannah","AR-9","Epic","1,000","All chests / Packs"
"Hans","Character","Mythical","20,000,000","1000x💎"
"Hans trapp","Character","Rare","250","Christmas Chest"
"Hardened","VITA","Epic","1,000","All chests / Packs"
"Hazmat","Character","Paranormal","35,000,000","Soldiers Pack"
"Headless","Character","Mythical","1,200,000","Watch 15 hours Kirka"
"Heart","SCAR","Epic","1,000","All chests / Packs"
"Heartbeat","Shark","Mythical","6,000,000","150x 💎"
"Hearted","Shark","Mythical","25,000,000","2.5k Shark Kills"
"Hearts","Character","Mythical","3,800,000","150x 💎"
"Heather","Bayonet","Mythical","500,000","150x 💎"
"Heatwave","VITA","Legendary","10,000","All chests"
"Heavy","Lar","Mythical","10,000,000","25000 LAR Kills"
"Height","Revolver","Legendary","5,000","All chests"
"Helendus","Vita","Mythical","140,000,000","50,000 vita headshots"
"Hell let loose","M60","Legendary","250,000","All chests"
"Hellbent","Shark","Mythical","1,500,000","2.5K Shark Kills"
"Hellcat","Character","Mythical","45,000,000","1000x💎"
"Hellizabeth","Character","Mythical","200,000","Halloween Chest"
"Hellspawn","Character","Epic","2,000,000","Halloween Chest"
"Hex","Revolver","Common","100","All chests / Packs"
"Hexagon","M60","Rare","250","All chests / Packs"
"Hi-Score","Shark","Mythical","50,000,000","Watch 15 hours Gecko"
"Hideyoshi","Character","Epic","110,000,000","80x 💎"
"Hippy","Character","Epic","1,000","All chests / Packs"
"Hologram","Revolver","Mythical","400,000","All chests"
"Honey","Bayonet","Mythical","600,000","All chests"
"Honeybear","Character","Mythical","100,000,000","2000x 💎"
"Honeyboo","Character","Mythical","15,000,000","1000x💎"
"Hope","M60","Rare","250","All chests / Packs"
"Hot Rod","Bayonet","Mythical","700,000","2.5k Melee Kills"
"Hotrod AR-9","AR-9","Mythical","1,000,000","""Hot Rod"" 850x 💎"
"Hotrod Bayonet","Bayonet","Mythical","1,500,000","""Hot Rod"" 850x 💎"
"Hotrod LAR","LAR","Mythical","1,000,000","""Hot Rod"" 850x 💎"
"Hotrod M60","M60","Mythical","800,000","""Hot Rod"" 850x 💎"
"Hotrod MAC-10","MAC-10","Mythical","850,000","""Hot Rod"" 850x 💎"
"Hotrod Revolver","Revolver","Mythical","1,000,000","""Hot Rod"" 850x 💎"
"Hotrod SCAR","SCAR","Mythical","1,500,000","""Hot Rod"" 850x 💎"
"Hotrod Shark","Shark","Mythical","1,500,000","""Hot Rod"" 850x 💎"
"Hotrod Tomahawk","Tomahawk","Mythical","2,000,000","""Hot Rod"" 850x 💎"
"Hotrod VITA","VITA","Mythical","1,500,000","""Hot Rod"" 850x 💎"
"Hotrod Weatie","Weatie","Mythical","800,000","""Hot Rod"" 850x 💎"
"Howl","LAR","Legendary","35,000,000","16th Clan War"
"Hubbard","VITA","Epic","1,000","All chests / Packs"
"Huney","Character","Mythical","20,000,000","1000x💎"
"Hunter","VITA","Common","100","All chests / Packs"
"Hypnotic","Bayonet","Mythical","600,000","2.5k Bayonet Kills"
"Ice","Chest","Epic","500","Shop"
"Ice Breaker","Bayonet","Mythical","900,000","40th Clan War"
"Ice Cold","Shark","Legendary","4,500,000","484 Shark H/S"
"Icey","Character","Legendary","350,000","60x 💎"
"Icing","Bayonet","Mythical","500,000","150x 💎"
"Illusionist","Character","Mythical","40,000,000","2000x💎"
"IMGERROR","Character","Mythical","35,000","Play 15 min of kirka"
"Immortal","Bayonet","Mythical","250,000,000","2500 SRP & 150x 💎"
"Imperial","SCAR","Mythical","40,000,000","1300 KLO & 150x 💎"
"Impostor","Character","Mythical","1,250,000,000","Zombie Texture"
"Infarction","Bayonet","Mythical","3,000,000","150x 💎"
"Infernal","AR-9","Mythical","600,000","All chests"
"Infra","Revolver","Epic","1,000","All chests / Packs"
"Iridium","Character","Rare","250","All chests / Packs"
"Iron","Weatie","Common","100","All chests / Packs"
"Isolation","Weatie","Rare","250","All chests / Packs"
"Ivoire","Revolver","Mythical","250,000","All chests"
"Jade","Bayonet","Mythical","600,000","All chests"
"James","Character","Default","0","Default Item"
"Jamyers","Character","Mythical","650,000","150x 💎"
"Jana","Character","Rare","250","Christmas Chest"
"Janett","Character","Mythical","1,000,000","Watch 15 hours Kirka"
"Jap","Weatie","Legendary","5,000","All chests"
"Jarritos","Character","Mythical","1,500,000","Watch 15 hours Kirka"
"Jaymeson","Character","Legendary","250,000","60x 💎"
"Jazzin","Character","Mythical","5,000,000","Watch 15 hours Kirka"
"Jenni","Character","Mythical","15,000,000","850x💎"
"Jerm","Character","Rare","250","Christmas Chest"
"Jess","Character","Mythical","20,000,000","1000x💎"
"Jingles","Vita","Mythical","35,000,000","850x💎"
"Jolly","Character","Mythical","1,000,000","Watch 15 hours Kirka"
"Jolly James","Character","Epic","1,000","Christmas Chest"
"Jombie","Character","Epic","1,000","Halloween Chest"
"Jovie","Character","Legendary","5,000","Christmas Chest"
"Juicer","Character","Mythical","750,000,000","Gift for Irrvlo"
"Karo","Revolver","Rare","250","All chests / Packs"
"KCL Bronze","Character","Paranormal","449,999,999","2026 KCL Tournament"
"KCL Gold","Character","Paranormal","500,000,000","2026 KCL Tournament"
"KCL Silver","Character","Paranormal","450,000,000","2026 KCL Tournament"
"keith","Character","Mythical","15,000,000","1000x💎"
"KEKW","Character","Mythical","750,000,000","Gift for Skywalk"
"Keon","Character","Epic","1,000","All chests / Packs"
"Kevin","Character","Rare","250","Christmas Chest"
"Kin","Bayonet","Legendary","20,000,000","150x 💎"
"King","Character","Rare","250","All chests / Packs"
"Kingdracula","Character","Rare","250","Halloween Chest"
"Kiss","Shark","Legendary","500,000,000","Offical Giveaway"
"Kitsune","Character","Mythical","15,000,000","1000x💎"
"Knightfall","Character","Mythical","1,500,000","Watch 15 hours Kirka"
"Kod","Character","Legendary","330,000,000","150x 💎"
"Koi","Bayonet","Mythical","550,000","150x 💎"
"Korunami","LAR","Mythical","240,000","37th Clan War"
"Kraken","Shark","Legendary","150,000","36th Clan War"
"Krampus","Character","Mythical","500,000","27,545 Score"
"Kristine","Character","Rare","250","Christmas Chest"
"Kyoto","LAR","Rare","1,500,000","1st Clan War"
"Labyrinth","VITA","Legendary","200,000,000","150x 💎"
"Land","MAC-10","Common","100","All chests / Packs"
"Landoh","VITA","Legendary","80,000","31st Clan War"
"Landscape","Character","Mythical","11,000,000","250 PAR Wins"
"Lantern","SCAR","Epic","1,000","All chests / Packs"
"LAR","LAR","Default","0","Default Item"
"Larry","M60","Rare","250","All chests / Packs"
"Lashes","Bayonet","Legendary","250,000","50x 💎"
"Lava","LAR","Epic","1,000","All chests / Packs"
"Legend","VITA","Legendary","2,000,000,000","2022 Offcial Tournamnet"
"Lemon","MAC-10","Rare","250","All chests / Packs"
"LEO","AR-9","Epic","1,000","All chests / Packs"
"Leopard","VITA","Rare","250","All chests / Packs"
"Liberty","VITA","Legendary","2,500,000","36th Clan War"
"Lightning","AR-9","Epic","9,500,000","1st Clan War"
"Lilith","Character","Mythical","150,000","Halloween Chest"
"Lime","Character","Epic","1,000","Christmas Chest"
"Lion","Character","Mythical","15,000,000","1000x💎"
"Lis","Revolver","Mythical","250,000","36th Clan War"
"LMAO","Character","Mythical","500,000","150x 💎"
"Lock","Character","Mythical","110,000,000","2000x💎"
"LOL","Character","Epic","575,000,000","80x 💎"
"Lola","Character","Mythical","2,000,000","""Hot Rod"" 850x 💎"
"London","Character","Rare","250","All chests / Packs"
"Lor","Character","Legendary","140,000,000","150x 💎"
"Lord","Character","Mythical","15,000,000","850x💎"
"Lost","Character","Mythical","400,000,000","1000x💎"
"Love","VITA","Legendary","1,850,000,000","Offical Giveaway"
"Love Bites","Bayonet","Mythical","550,000","150x 💎"
"Loved","Bayonet","Mythical","25,000,000","1k Bayonet Kills"
"Lucky","Bayonet","Mythical","3,000,000","150x 💎"
"Lucy","Character","Legendary","200,000","60x 💎"
"Luminescent","Bayonet","Mythical","696,969,696","Ranked Gift For Bloom"
"Lunar","VITA","Mythical","1,000,000,000","25k VITA Kills"
"Lustre","Bayonet","Mythical","600,000","2,500 bayonet kills"
"Lux","LAR","Legendary","10,000","All chests"
"Lydia","Character","Common","100","All chests / Packs"
"Lynx","Lar","Mythical","130,000,000","2000x💎"
"M60","M60","Default","0","Default Item"
"Mabel","Character","Mythical","5,000,000","Watch 15 hours Kirka"
"MAC-10","MAC-10","Default","0","Default Item"
"Machinery","VITA","Legendary","1,500,000","6th Clan War"
"Madness","Ar-9","Mythical","TBD","Watch CC's 15 hours"
"Mage","Character","Mythical","200,000,000","3,500,000 score"
"Magic","Shark","Mythical","650,000","150x💎"
"Magic Splat","Revolver","Epic","1,000","All chests / Packs"
"Magma","VITA","Rare","250","All chests / Packs"
"Magnum","Revolver","Epic","1,000","All chests / Packs"
"Maid","Character","Mythical","12,000,000","Watch 15 hours MikeyO"
"Majestic","Shark","Mythical","500,000","All chests"
"Major","Character","Rare","250","All chests / Packs"
"Maksim","Character","Legendary","15,000","Soldiers Pack"
"Malachite","MAC-10","Rare","250","All chests / Packs"
"Mangle","Character","Mythical","750,000,000","Zombie Texture"
"Marage","Character","Mythical","150,000,000","3000 SRP & 150x 💎"
"Marbled","MAC-10","Common","100","All chests / Packs"
"Maria","Character","Rare","250","All chests / Packs"
"Mariah","Character","Epic","1,000","All chests / Packs"
"Marilwyd","Character","Mythical","100,000","Christmas Chest"
"Master","AR-9","Legendary","700,000,000","2022 Offical Tournamnet"
"Matchalatte","Character","Mythical","70,000,000","1000x💎"
"Maxwell","MAC-10","Rare","250","All chests / Packs"
"May","Character","Mythical","200,000,000","1000x💎"
"Maze","Character","Epic","50,000,000","80x 💎"
"Megalodon","Shark","Legendary","2,500,000","14th Clan War"
"Melody","Character","Mythical","3,000,000","Girls Band Pack"
"Melon","Character","Legendary","250,000","60x 💎"
"MemeStar","LAR","Legendary","2,000,000","5th Clan War"
"MemeStarTV","Character","Legendary","750,000,000","Gift for First map maker"
"Menthol","Character","Rare","250","Christmas Chest"
"Metallic","SCAR","Rare","250","All chests / Packs"
"Metallic Rainbow","VITA","Legendary","10,000","2nd Clan War / chests"
"Meteor","VITA","Mythical","400,000","17 & 18th Clan War"
"Metro","AR-9","Mythical","30,000,000","10k AR-9 Kills"
"Mikasa","Character","Mythical","60,000,000","1000x💎"
"Mili","M60","Common","100","All chests / Packs"
"Military","SCAR","Common","1,000","All chests / Packs"
"Milkyway","Character","Mythical","650,000","Watch 15 hours Kirka"
"Milo","MAC-10","Epic","1,000","All chests / Packs"
"Mindframe","MAC-10","Mythical","150,000","10,297 MAC-10 Score"
"Mirror","VITA","Mythical","65,000,000","20k VITA Kills"
"Mistletoe","Character","Mythical","500,000","150x 💎"
"Mohito","VITA","Rare","250","All chests / Packs"
"Moira","AR-9","Epic","1,000","All chests / Packs"
"Molten Core","MAC-10","Epic","1,000","All chests / Packs"
"Moltorath","Character","Mythical","15,000,000","1000x💎"
"Mommy","AR-9","Legendary","250,000,000","10k AR-9 Kills"
"Momo","Character","Legendary","250,000","60x 💎"
"Monarch","Shark","Mythical","3,500,000","500 KLO & 150x 💎"
"Monday","Character","Mythical","750,000,000","Gift for Ramen"
"Monk","Character","Mythical","30,000,000","500 PAR Wins"
"Monkey","Revolver","Rare","250","All chests / Packs"
"Moody","Character","Mythical","100,000,000","1000x💎"
"Moon","Character","Legendary","450,000","60x 💎"
"Moonlight","Mac-10","Mythical","200,000","42nd Clan War"
"Mossy","Shark","Legendary","750,000","10th Clan War"
"Muppet","Character","Mythical","500,000,000","Exclusive Giveaway"
"Murdered","Revolver","Legendary","10,000","All chests / Packs"
"Mushroom","Character","Mythical","50,000,000","2000x💎"
"Mya","Character","Common","100","All chests / Packs"
"Mystic","Revolver","Rare","250","All chests / Packs"
"N30N","Bayonet","Mythical","70,000,000","1000x💎"
"Nature","Character","Mythical","1,000,000","150x 💎"
"Navy","Revolver","Common","100","All chests / Packs"
"Nebula","VITA","Epic","1,000","All chests / Packs"
"Neo2","Scar","Mythical","700,000","47th Clan War"
"Neon","Weatie","Epic","1,000","All chests / Packs"
"Nerida","Bayonet","Mythical","800,000","150x 💎"
"New","Bayonet","Legendary","750,000,000","Gift for Kirka Admin"
"New Year","Shark","Epic","600,000,000","Glitched in chests"
"Nib","Character","Mythical","500,000","150x 💎"
"Nicolas","Character","Rare","250","Christmas Chest"
"Night Sky","Vita","Mythical","TBD","50k Vita HS"
"Noah","Character","Common","100","All chests / Packs"
"Noble","VITA","Legendary","10,000,000","10th Clan War"
"Noir","Weatie","Common","100","All chests / Packs"
"Nokken","Character","Mythical","40,000,000","1000x💎"
"Normal Map","LAR","Legendary","15,000","All chests"
"Nova","SCAR","Mythical","1,000,000","20th Clan War"
"Nuclear Waste","Weatie","Rare","250","All chests / Packs"
"Nukem","Character","Legendary","10,000","Halloween Chest"
"Nullity","Character","Mythical","TBD","2000x💎"
"Nutcracker","Character","Mythical","2,000,000","Watch 15 hours Kirka"
"Nyan Cat","VITA","Legendary","450,000,000","150x 💎"
"Nyan Dog","Character","Paranormal","40,000,000","Party Pack"
"Nyan Shark","Shark","Mythical","600,000","150x 💎"
"Oblivion","Scar","Mythical","1,500,000","42nd Clan War"
"Obsidian","AR-9","Epic","1,000","All chests / Packs"
"Ofpast","Character","Rare","250","Christmas Chest"
"Ofpresent","Character","Rare","250","Christmas Chest"
"Old","Bayonet","Legendary","325,000,000","First 100 accounts "
"Onesi","Character","Mythical","60,000,000","1000x💎"
"Onesie","Character","Mythical","40,000,000","1000x💎"
"Onryo","Character","Mythical","30,000,000","15 hours watching mods"
"Ophelia","Character","Mythical","200,000,000","1000x💎"
"Or","Bayonet","Mythical","300,000","All chests"
"Orbit","LAR","Legendary","250,000","11th Clan War"
"Orchid","Shark","Mythical","8,500,000","3k Shark Kills"
"Orion","Character","Mythical","100,000,000","1500x💎"
"Ornaments","Bayonet","Mythical","450,000","150x 💎"
"Ortus","Revolver","Mythical","1,000,000","44tb Clan War"
"Ostern","Shark","Legendary","350,000,000","150x 💎"
"Owen","Character","Common","100","All chests / Packs"
"Oxygen","Character","Rare","250","All chests / Packs"
"P-40","Shark","Legendary","55,000,000","150x 💎"
"Pajama","Character","Epic","1,000","Christmas Chest"
"Pajama unc","Character","Mythical","100,000","Christmas Chest"
"Pale","SCAR","Common","300","All chests / Packs"
"Panda","Character","Mythical","550,000","150x 💎"
"Pandora","Character","Mythical","15,000,000","1000x💎"
"Panta","Character","Epic","1,000","Christmas Chest"
"Paques","VITA","Epic","200,000,000","80x 💎"
"Party","Card","Common","500","Shop"
"Pastel","Character","Mythical","2,500,000","Party Pack"
"Paypay","Character","Mythical","100,000,000","1000x💎"
"Payton","Character","Common","100","All chests / Packs"
"PCB","M60","Legendary","3,000,000","4th Clan War"
"Peachy","VITA","Epic","1,000","All chests / Packs"
"Peakers","Vita","Mythical","40,000,000","30,000 kills with vita"
"Pearl","Character","Mythical","500,000,000","2250 SRP & 150x💎 "
"Pebbles","Character","Mythical","10,000,000","Watch 15 hours Kirka"
"Pecan","LAR","Common","100","All chests / Packs"
"Pegas","AR-9","Common","100","All chests / Packs"
"Pencil","Bayonet","Mythical","2,000,000","150x 💎"
"Pengu","Character","Mythical","900,000","250x💎"
"Pepe","Character","Mythical","500,000,000","1000x💎"
"Peppermint","Character","Legendary","32,500,000","150x 💎"
"Periodic","Card","Common","500","All chests / Packs"
"Petal","Shark","Legendary","250,000","60x 💎"
"Phantom","Character","Mythical","4,000,000","Watch 15 hours Kirka"
"Pharaoh","Character","Mythical","45,000,000","2500 SRP & 150x💎 "
"Phoenix","Character","Mythical","500,000,000","Exclusive Giveaway"
"Pibble","Character","Mythical","3,000,000","Watch 15 hours Kirka"
"Picea","SCAR","Common","100","All chests / Packs"
"Pie","Character","Mythical","500,000","150x 💎"
"Pigo","Character","Common","100","All chests / Packs"
"Pinata","Character","Mythical","130,000,000","4000x💎"
"Pine","Character","Epic","1,000","All chests / Packs"
"Pineapple","SCAR","Rare","1,000","All chests / Packs"
"Pink Camouflage","VITA","Rare","250","All chests / Packs"
"Pink Demon","M60","Epic","1,000","All chests / Packs"
"Placate","Bayonet","Mythical","2,000,000","1k Bayonet Kills"
"Plague","Character","Legendary","10,000","Halloween Chest"
"Platinum","Bayonet","Paranormal","500,000,000","500m Coins on Market"
"Playdate","Shark","Mythical","30,000,000","2.5k Shark Kills"
"Playmate","VITA","Mythical","12,000,000","5k VITA Kills"
"Plum","LAR","Epic","1,000","All chests / Packs"
"Polar","Character","Mythical","3,500,000","Cold Pack"
"Polka","Character","Mythical","15,000,000","1000x💎"
"Pollen","Character","Mythical","15,000,000","1000x💎"
"Polychrome","VITA","Legendary","6,000,000","30th Clan War"
"Polygon","Bayonet","Mythical","1,000,000","65,000 kills"
"Polygun","VITA","Rare","250","All chests / Packs"
"Pontianak James","Character","Legendary","10,000","Halloween Chest"
"Pooh","Character","Paranormal","85,000,000","Christmas Chest"
"Pool Blaster","MAC-10","Legendary","30,000","31st Clan War"
"Pop","Character","Mythical","750,000,000","Gift For Masten"
"Priceless","M60","Mythical","1,000,000,000","2025 Resunz Championship"
"Prince","Character","Mythical","100,000,000","1000x💎"
"Prism","Bayonet","Mythical","12,500,000","1500 SRP & 150x💎 "
"Prisma","Mac-10","Mythical","700,000","46th clan war"
"Prismatic","Bayonet","Mythical","1,500,000","46th clan war"
"Promethium","Character","Rare","250","All chests / Packs"
"Proton Beam","LAR","Legendary","250,000","9th Clan War"
"Psychedelic","Bayonet","Paranormal","30,000,000","Spawned"
"Psycho","SCAR","Legendary","20,000","All chests"
"Pulse","Revolver","Mythical","250,000","All chests"
"Pumpgirl","Character","Rare","250","Halloween Chest"
"Pumpkinspice","Character","Epic","1,000","Halloween Chest"
"Pumpreaper","Character","Legendary","10,000","Halloween Chest"
"Punishment","Character","Mythical","1,700,000","Watch 15 hours Kirka"
"Punji","Bayonet","Mythical","500,000","150x 💎"
"Puppet","Character","Mythical","150,000","Halloween Chest"
"Purp","Character","Mythical","30,000,000","1000x💎"
"Pyrite","Bayonet","Mythical","2,000,000","45th clan war"
"Qod","Character","Mythical","100,000,000","1000x💎"
"Queen","Character","Mythical","15,000,000","30k Kills"
"Quilliam","VITA","Mythical","65,000,000","10k VITA Kills"
"R32","Shark","Mythical","80,000,000","32k shark headshots"
"Rabbit","Shark","Mythical","550,000","150x 💎"
"Rad","Shark","Legendary","750,000,000","Gift for Kirka Admin"
"Radioactive","Bayonet","Legendary","30,000,000","7.5k bayonet headshots"
"Raffle","Shark","Legendary","TBD","Streamer Choice"
"Rainbow","SCAR","Epic","5,000","All chests / Packs"
"Rainbows","Character","Mythical","80,000,000","2000x💎"
"Rainy","Character","Mythical","50,000,000","1000x💎"
"Rampage","M60","Mythical","450,000,000","25k M60 Kills"
"Ramses","LAR","Mythical","1,200,000","5k LAR Kills"
"Ranked_S1 Bronze","Bayonet","Mythical","500,000,000","Ranked LB Rank 3"
"Ranked_S1 Gold","Bayonet","Mythical","500,000,000","Ranked LB Rank 1"
"Ranked_S1 Silver","Bayonet","Mythical","500,000,000","Ranked LB Rank 2"
"Ranked_S1 Top10","Bayonet","Mythical","450,000,000","Ranked LB Rank 4-10"
"Ranked_S1 Top100","Bayonet","Mythical","15,000,000","Ranked LB Rank 11-100"
"Ranked_s2 Bronze","Bayonet","Mythical","500,000,000","Ranked LB Rank 3"
"Ranked_s2 Gold","Bayonet","Mythical","500,000,000","Ranked LB Rank 1"
"Ranked_s2 Silver","Bayonet","Mythical","500,000,000"," Ranked LB Rank 2"
"Ranked_s2 Top10","Bayonet","Mythical","450,000,000","Ranked LB Rank 4-10"
"Ranked_s2 Top100","Bayonet","Mythical","15,000,000","Ranked LB Rank 11-100"
"Ranked_s3 bronze","Bayonet","Mythical","500,000,000","Ranked LB Rank 3"
"Ranked_s3 gold","Bayonet","Mythical","500,000,000","Ranked LB Rank 1"
"Ranked_s3 silver","Bayonet","Mythical","500,000,000"," Ranked LB Rank 2"
"Ranked_s3 top10","Bayonet","Mythical","150,000,000","Ranked LB Rank 4-10"
"Ranked_s3 top100","Bayonet","Mythical","8,000,000","Ranked LB Rank 11-100"
"Ranked_s4 bronze","Bayonet","Mythical","500,000,000","Ranked LB Rank 3"
"Ranked_s4 gold","Bayonet","Mythical","500,000,000","Ranked LB Rank 1"
"Ranked_s4 silver","Bayonet","Mythical","500,000,000","Ranked LB Rank 2"
"Ranked_s4 top10","Bayonet","Mythical","140,000,000","Ranked LB Rank 4-10"
"Ranked_s4 top100","Bayonet","Mythical","7,000,000","Ranked LB Rank 11-100"
"Ranked_S5 Bronze","Bayonet","Mythical","500,000,000","Ranked LB Rank 3"
"Ranked_S5 Gold","Bayonet","Mythical","500,000,000","Ranked LB Rank 1"
"Ranked_S5 Silver","Bayonet","Mythical","500,000,000","Ranked LB Rank 2"
"Ranked_S5 Top10","Bayonet","Mythical","450,000,000","Ranked LB Rank 4-10"
"Ranked_S5 Top100","Bayonet","Mythical","20,000,000","Ranked LB Rank 11-100"
"Ranked_s6 Bronze","Bayonet","Mythical","500,000,000","Ranked LB Rank 3"
"Ranked_s6 Gold","Bayonet","Mythical","500,000,000","Ranked LB Rank 1"
"Ranked_s6 Silver","Bayonet","Mythical","500,000,000","Ranked LB Rank 2"
"Ranked_s6 Top10","Bayonet","Mythical","450,000,000","Ranked LB Rank 4-10"
"Ranked_s6 Top100","Bayonet","Mythical","20,000,000","Ranked LB Rank 11-100"
"Rar","LAR","Legendary","175,000","35th Clan War"
"Rasta","LAR","Epic","1,000","All chests / Packs"
"Reactor","Tomahawk","Mythical","600,000","150x 💎"
"Reaper","Character","Legendary","200,000","60x 💎"
"Rebel","Bayonet","Legendary","20,000,000","1k Bayonet Kills"
"Red Reaper","MAC-10","Legendary","3,000,000","9th Clan War"
"Redline","LAR","Rare","250","All chests / Packs"
"RedMoon","VITA","Common","100","All chests / Packs"
"Redwitch","Character","Epic","1,800,000","Halloween Chest"
"Reed","Character","Legendary","125,000","60x 💎"
"Refill","Bayonet","Mythical","TBD","Watch 15 hours Gecko"
"Reflections","Bayonet","Mythical","2,500,000","2.5k Bayonet Kills"
"Regal","Shark","Mythical","90,000,000","10k Shark Kills"
"Regent","Ar-9","Legendary","150,000,000","2000x💎"
"Rein","Character","Rare","250","All chests / Packs"
"Reindeer","Character","Legendary","200,000","60x💎"
"Reptile","VITA","Rare","250","All chests / Packs"
"Republica","M60","Legendary","2,000,000","9th Clan War"
"Retro","Bayonet","Mythical","500,000","All chests"
"Retrowave","MAC-10","Legendary","20,000,000","1st Clan War"
"Revolver","Revolver","Default","0","Default Item"
"RGB","Character","Legendary","1,000,000","""Void"" 850x 💎"
"RGB Black","Character","Mythical","1,500,000","""Void"" 850x 💎"
"Rider","Character","Mythical","15,000,000","1000x💎"
"Rift","Bayonet","Mythical","6,000,000","500 SRP & 150x💎 "
"Ripped Santa","Character","Paranormal","120,000,000","Christmas Chest"
"Ritual","Bayonet","Mythical","200,000","1k Bayonet Kills"
"Rogue","VITA","Legendary","3,000,000","4th Clan War"
"Rose","Character","Mythical","3,000,000","Watch 15 hours Kirka"
"Rosed","VITA","Mythical","15,000,000","3.5k VITA Kills"
"Rosy","VITA","Mythical","2,500,000,000","Reward for Bug Finder"
"Royalchamp","Character","Mythical","600,000","Watch 15 hours Kirka"
"Royalty","Revolver","Common","100","All chests / Packs"
"Rub1x","MAC-10","Mythical","600,000","All chests"
"Rubies","Character","Mythical","15,000,000","Watch 15 hours Kirka"
"Ruby","Character","Common","100","All chests / Packs"
"Runic Death","Bayonet","Legendary","TBD","15k Bayonet HS"
"Rusty","LAR","Common","100","All chests / Packs"
"Ruth","M60","Rare","250","All chests / Packs"
"Sady","Character","Common","100","All chests / Packs"
"Saint Patrick","Shark","Legendary","60,000,000","15 hours watching mods"
"Sakura","SCAR","Epic","1,000","All chests / Packs"
"Saliman","LAR","Rare","250","All chests / Packs"
"Salvaged","Shark","Mythical","25,000,000","1250 SRP & 150x💎 "
"Sam","VITA","Legendary","10,000","All chests"
"Samta","Character","Legendary","5,000","Christmas Chest"
"Samurai","VITA","Epic","375,000,000","80x 💎"
"Sandwich","Character","Mythical","300,000","60x 💎"
"Santa","VITA","Legendary","10,000","All chests"
"Santa Claus","Character","Legendary","25,000,000","150x 💎"
"Santa Fox","Character","Legendary","5,000","Christmas Chest"
"Saurus","Bayonet","Mythical","750,000,000","15k Bayonet Kills"
"Savage","MAC-10","Legendary","2,000,000","12th Clan War"
"Scale","VITA","Rare","250","All chests / Packs"
"Scalped","Tomahawk","Mythical","750,000,000","Gift for Skywalk"
"SCAR","SCAR","Default","0","Default Item"
"Scarey","SCAR","Epic","1,000,000","30th Clan War"
"Scarlet","SCAR","Legendary","7,000,000","7th Clan War"
"Scary Monster","Character","Mythical","750,000,000","Gift for CarrySheriff"
"Scarygf","Character","Rare","250","Halloween Chest"
"Schaedel","MAC-10","Mythical","750,000","13th Clan War"
"Scorcher","Shark","Mythical","1,000,000","43rd Clan War"
"Sculpture","Character","Mythical","100,000,000","850x💎"
"Sensei","Character","Legendary","550,000,000","150x 💎"
"Shank","Bayonet","Mythical","250,000,000","850x💎"
"Shard","Bayonet","Legendary","500,000","10th Clan War"
"Shark","Shark","Default","0","Default Item"
"Shinji","Character","Mythical","50,000,000","1000 wins"
"Shiny","SCAR","Rare","250","All chests / Packs"
"Shit Ar-9","Ar-9","Mythical","1,000,000","""Shit"" 850x💎"
"Shit Bayonet","Bayonet","Mythical","1,500,000","""Shit"" 850x💎"
"Shit LAR","LAR","Mythical","1,000,000","""Shit"" 850x💎"
"Shit M60","M60","Mythical","1,000,000","""Shit"" 850x💎"
"Shit Mac-10","Mac-10","Mythical","1,000,000","""Shit"" 850x💎"
"Shit Revolver","Revolver","Mythical","1,000,000","""Shit"" 850x💎"
"Shit Scar","Scar","Mythical","1,500,000","""Shit"" 850x💎"
"Shit Shark","Shark","Mythical","1,500,000","""Shit"" 850x💎"
"Shit Tomahawk","Tomahawk","Mythical","2,000,000","""Shit"" 850x💎"
"Shit Vita","Vita","Mythical","1,500,000","""Shit"" 850x💎"
"Shit Weatie","Weatie","Mythical","1,000,000","""Shit"" 850x💎"
"Shiver","Character","Mythical","2,000,000","Watch 15 hours Kirka"
"Shotdead","Vita","Mythical","500,000","39th Clan War"
"Shroud","Character","Mythical","500,000","150x 💎"
"Silicon","Character","Common","100",""
"Silver Bullet","Vita","Mythical","85,000,000"," 2500 SRP &150x 💎"
"Simplicity","LAR","Epic","1,000","All chests / Packs"
"Singularity","Character","Mythical","250,000,000","1000x💎"
"Sinister","Character","Mythical","35,000,000","Watch 15 hours Kirka"
"Sirene","Character","Mythical","TBD","12 Daily Streak"
"Sizzle","Character","Mythical","12,000,000","1500 SRP & 150x 💎"
"Skel","Character","Epic","25,000,000","90x 💎"
"Skeletain","Character","Mythical","200,000","Halloween Chest"
"Sketch","Character","Legendary","450,000,000","2000 KLO & 60x 💎"
"Sketched","SCAR","Mythical","1,000,000","45th clan war"
"Skillz","Character","Mythical","20,000,000","1000x💎"
"Skulduggery","Character","Mythical","3,500,000","Watch 15 hours Kirka"
"Sky","AR-9","Common","100","All chests / Packs"
"Skyboy","Character","Common","100","All chests / Packs"
"Slasher","Character","Paranormal","8,000,000","Halloween Chest"
"Slay","Character","Mythical","30,000,000","1000x💎"
"Slayer","VITA","Mythical","600,000","20th Clan War"
"Sleep","MAC-10","Rare","250","All chests / Packs"
"Sleepy","VITA","Mythical","500,000","13th Clan War"
"Slime","Character","Mythical","450,000","150x 💎"
"Smile","VITA","Mythical","300,000","90x 💎"
"Smoked","Revolver","Common","100","All chests / Packs"
"Snake","Tomahawk","Mythical","750,000","150x 💎"
"Snowglobe","Character","Mythical","33,333,333","850x 💎"
"Snowman","Character","Legendary","15,000","Cold Pack"
"Snows","Character","Mythical","1,500,000","Watch 15 hours Kirka"
"Snowy","Character","Rare","250","All chests / Packs"
"Soak","Revolver","Mythical","400,000,000","10k Revolver Kills"
"Solar","Shark","Legendary","300,000","60x 💎"
"Soldiers","Card","Common","500","Shop"
"Solitude","Ar-9","Mythical","40,000,000","2000 SRP & 150x💎 "
"Sour Kandy","Character","Legendary","900,000","Watch KirkaComp 1hr"
"Space","Character","Mythical","20,000,000","1000x💎"
"Spearmint","Character","Mythical","50,000","Play 15 min of kirka"
"Spectacular","AR-9","Epic","1,000","All chests / Packs"
"Spectrum","MAC-10","Mythical","400,000","90x 💎"
"Spice","Character","Mythical","35,000,000","Admin Drop (15 hrs)"
"Spicy","SCAR","Common","100","All chests / Packs"
"Spilled","AR-9","Common","100","All chests / Packs"
"Splanch","Vita","Mythical","70,000,000","55k Vita Kills"
"Splash","Bayonet","Mythical","25,000,000","2.5k Bayonet Kills"
"Splush","Shark","Mythical","1,700,000","150x 💎"
"Spooder","Shark","Mythical","120,000","37th Clan War"
"Spooky","VITA","Mythical","800,000","13th Clan War"
"Spoooky","VITA","Mythical","500,000","150x 💎"
"Spore","Character","Mythical","1,000,000","Watch 15 hours Kirka"
"Spotted","VITA","Rare","250","All chests / Packs"
"Sprig","Character","Mythical","500,000","150x 💎"
"Spring","Bayonet","Mythical","8,000,000","1k Bayonet Kills"
"Sprout","Character","Mythical","2,500,000","150x 💎"
"Stargaze","Character","Mythical","70,000,000","1500x💎"
"Stargirl","Character","Mythical","20,000,000","1000x💎"
"Starlinked","Revolver","Common","100","All chests / Packs"
"Starship","Character","Mythical","700,000","Watch 15 hours Kirka"
"Starstruck","Shark","Mythical","200,000,000","7.5k Shark Headshots"
"Static","Vita","Mythical","30,000,000","15000 Vita Headshots"
"Steely","LAR","Common","100","All chests / Packs"
"Sterling","Shark","Mythical","8,500,000","Watch CC's 15 hours"
"Stingray","Tomahawk","Mythical","30,000,000","30k Tomahawk Kills"
"Stitches","Shark","Mythical","400,000","150x 💎"
"Stranded","Character","Mythical","100,000","3 Daily Streak"
"Streaks","Bayonet","Mythical","700,000","150x 💎"
"Striped","MAC-10","Common","100","All chests / Packs"
"Stripes","SCAR","Common","100","All chests / Packs"
"Strips","MAC-10","Epic","1,000","All chests / Packs"
"Subnautic","Vita","Mythical","2,000,000","47th Clan War"
"Sugar James","Character","Paranormal","100,000,000","Christmas Chest"
"Sulphur","Character","Common","100",""
"Summer","LAR","Rare","250","All chests / Packs"
"Sunbeam","Character","Mythical","600,000","Watch 15 hours Kirka"
"Sunday","Bayonet","Mythical","6,500,000","150x 💎"
"Sunflower","Shark","Legendary","750,000,000","Gift for CarrySheriff"
"Sunset","VITA","Legendary","4,500,000","5th Clan War"
"Sunshine","Character","Mythical","2,000,000","Watch 15 hours Kirka"
"Superjames","Character","Mythical","150,000","Halloween Chest"
"Supermind","LAR","Rare","250","All chests / Packs"
"Supermother","Character","Mythical","3,500,000","Watch 15 hours Kirka"
"Surfer","Character","Mythical","750,000","6 Daily Streak"
"Swamp","Weatie","Common","100","All chests / Packs"
"Sweater","VITA","Legendary","40,000,000","150x 💎"
"Sweetie","Weatie","Mythical","60,000,000","Watch 15 hours Gecko"
"Swirl","Revolver","Epic","10,000","31st Clan War"
"Sylvia","Character","Mythical","750,000","150x 💎"
"Synergy","LAR","Mythical","175,000,000","70k LAR Kills"
"Tag","MAC-10","Mythical","7,000,000","500 KLO & 150x 💎"
"Tagged","Revolver","Mythical","20,000,000","5k Revolver Kills"
"Tank","M60","Legendary","5,500,000","6th Clan War"
"Target","Revolver","Mythical","3,500,000","1000 SRP & 150x 💎"
"Taurus","Shark","Legendary","2,000,000","19th Clan War"
"Technette","Character","Mythical","1,500,000","Watch 15 hours Kirka"
"Techno","Character","Mythical","500,000","150x 💎"
"Teddy","Character","Legendary","1,600,000","60x 💎"
"Teflon","Weatie","Legendary","10,000","All chests"
"Terminator","VITA","Legendary","10,000","All chests"
"Test2","Ar-9?","Common","1,500,000","Chest Bug"
"Thalia","Character","Common","100","All chests / Packs"
"Thief","VITA","Legendary","500,000","14th Clan War"
"Thriller","Character","Mythical","75,000","Play 15 min of kirka"
"Tiburon","Bayonet","Mythical","2,000,000","44tb Clan War"
"Ticketeer","Scar","Mythical","230,000","41st Clan War"
"Tide","SCAR","Legendary","3,000,000","3rd Clan War"
"Tingey","MAC-10","Common","100","All chests / Packs"
"Tomahawk","Tomahawk","Default","0","Default Item"
"Tommy","Character","Common","100","All chests / Packs"
"Toxic","Weatie","Epic","325,000,000","80x 💎"
"Toy","MAC-10","Legendary","10,000","All chests"
"Tradition","Bayonet","Legendary","2,200,000","8th Clan War"
"Treat","Character","Legendary","10,000","Halloween Chest"
"Trippy","Character","Mythical","700,000","Watch 15 hours Kirka"
"Tristicidal","Tomahawk","Mythical","TBD","Watch 15 hours Gecko"
"Trolled","VITA","Legendary","20,000","All chests"
"Try","Weatie","Rare","250","All chests / Packs"
"TTV","Character","Mythical","650,000","Watch 15 hours Kirka"
"Turquoise","M60","Common","100","All chests / Packs"
"Turtle","Bayonet","Mythical","350,000","21st-29th Clan War"
"Twilight","Bayonet","Mythical","800,000","150 KLO & 150x 💎"
"Twitch","Character","Mythical","800,000","Watch 15 hours Kirka"
"Tyrant","Bayonet","Mythical","3,000,000","150x 💎"
"Ukiyo","VITA","Mythical","70,000,000","15k Vita Headshots"
"Ultraviolet","SCAR","Mythical","145,000,000","25k scar kills"
"Uncanny","MAC-10","Mythical","400,000","45th clan war"
"Undead","Bayonet","Mythical","400,000","150x 💎"
"Underwater","AR-9","Mythical","500,000","150x 💎"
"Universe","SCAR","Epic","1,000","All chests / Packs"
"Uranium","Character","Mythical","2,500,000","Periodic Pack"
"V0id","Character","Mythical","12,000,000","1500 KLO & 150x 💎"
"Vacation","Character","Mythical","TBD","9 Daily Streak"
"Valerie","Character","Common","100","All chests / Packs"
"Vampire","Bayonet","Legendary","120,000","30th Clan War"
"Vapor","Bayonet","Legendary","4,500,000","19th Clan War"
"Veiled","Character","Legendary","200,000","60x 💎"
"Vera","Character","Mythical","60,000,000","2000x💎"
"Verde","Bayonet","Mythical","120,000,000","40k Bayonet Kills"
"Vibes","Character","Mythical","3,200,000","Watch 15 hours Kirka"
"Vibrant","Bayonet","Mythical","200,000,000","5 million score"
"Viking","Revolver","Rare","250","All chests / Packs"
"Vine","Character","Legendary","900,000","60x 💎"
"Vintage","VITA","Mythical","1,700,000","5k mid-air kills"
"Violet","Weatie","Common","100","All chests / Packs"
"Vionix","Character","Mythical","1,300,000","Watch 15 hours Kirka"
"VITA","VITA","Default","0","Default Item"
"Vivid","VITA","Legendary","35,000","All chests"
"Vocaloid","SCAR","Legendary","2,000,000","35th Clan War"
"Void AR-9","AR-9","Mythical","1,000,000","""Void"" 850x 💎"
"Void Bayonet","Bayonet","Mythical","1,500,000","""Void"" 850x 💎"
"Void LAR","LAR","Mythical","1,000,000","""Void"" 850x 💎"
"Void M60","M60","Mythical","1,000,000","""Void"" 850x 💎"
"Void MAC-10","MAC-10","Mythical","1,000,000","""Void"" 850x 💎"
"Void Revolver","Revolver","Mythical","1,000,000","""Void"" 850x 💎"
"Void SCAR","SCAR","Mythical","2,500,000","""Void"" 850x 💎"
"Void Shark","Shark","Mythical","1,500,000","""Void"" 850x 💎"
"Void Tomahawk","Tomahawk","Mythical","2,000,000","""Void"" 850x 💎"
"Void VITA","VITA","Mythical","1,500,000","""Void"" 850x 💎"
"Void Weatie","Weatie","Mythical","150,000","""Void"" 850x 💎"
"Volcaic","Revolver","Legendary","80,000","35th Clan War"
"Volcano","SCAR","Rare","250","All chests / Packs"
"Vortex","Character","Mythical","2,000,000","Watch 15 hours Kirka"
"Wacky","Weatie","Legendary","5,000","All chests"
"Wanderer","Character","Mythical","750,000","150x 💎"
"Warlord","Character","Mythical","10,500,000","1500 SRP & 150x 💎"
"Watcher","Character","Mythical","2,500,000","Watch 15 hours Kirka"
"Watercolor","Vita","Legendary","1,500,000","48th Clan War"
"Waterfire","Character","Rare","250","All chests / Packs"
"Watermelon","Revolver","Legendary","125,000","15th Clan War"
"Watery","VITA","Common","100","All chests / Packs"
"Wave Dot","Revolver","Mythical","170,000,000","10k Revolver Kills"
"Waveform","Shark","Epic","110,000,000","5k Shark Kills"
"Waves","SCAR","Legendary","600,000","17 & 18th Clan War"
"Wax Paper","SCAR","Mythical","50,000,000","Watch 15 hours Gecko"
"Weatie","Weatie","Default","0","Default Item"
"Whispers","SCAR","Mythical","120,000,000","60k HS Scar Kills"
"Whiteout","Revolver","Legendary","10,000","All chests"
"Wicked","Vita","Mythical","70,000,000","2000 SRP & 150x 💎"
"Widow","Shark","Epic","18,000,000","90x 💎"
"Wiggleworp","Vita","Paranormal","30,000,000","All Chests"
"Winter","Weatie","Epic","1,000","All chests / Packs"
"Wintermint","Character","Mythical","50,000","Christmas Chest"
"Wity","Character","Common","100","All chests / Packs"
"Wolfy","Character","Mythical","35,000,000","1000x💎"
"Wood","Chest","Common","250","Shop"
"Wraith","Character","Mythical","500,000,000","2000x💎"
"Wrap","Vita","Legendary","225,000","150x💎"
"Wrapping","Bayonet","Legendary","14,000,000","150x 💎"
"Write","Character","Legendary","1,200,000","60x 💎"
"Xed","Character","Mythical","6,000,000","750 played games"
"Xenon","Character","Legendary","15,000","Periodic Pack"
"Xmas night","Character","Epic","1,000","Christmas Chest"
"Xray James","Character","Mythical","150,000","Halloween Chest"
"Xx","Character","Mythical","250,000","21st-29th Clan War"
"Yellow Camo","Weatie","Common","100","All chests / Packs"
"Yuki","Character","Mythical","30,000,000","850x💎"
"Yule","Shark","Legendary","25,500,000","150x 💎"
"Yule Cat","Character","Mythical","2,000,000","Watch 15 hours Kirka"
"Zebra","M60","Epic","1,000","All chests / Packs"
"Zeke","Character","Epic","1,000","All chests / Packs"
"Zelda","AR-9","Common","100","All chests / Packs"
"Zen","Bayonet","Legendary","200,000,000","150x 💎"
"Zephyr","Mac-10","Mythical","4,000,000","1000 SRP & 150x💎 "
"Zg-Bayonet","Bayonet","Paranormal","750,000,000","Reward for first level 103"
"Zg-Mar102","Shark","Paranormal","750,000,000","Reward for first level 102"
"Zg-Mar104","Scar","Paranormal","750,000,000","Reward for first level 104"
"ZG-Mario","SCAR","Legendary","750,000,000","Reward for first level 101"
"Zigglezorp","Character","Mythical","120,000,000","2000x💎"
"Zombie","Character","Mythical","750,000,000","Zombie Texture"
"Zzzz","Revolver","Rare","250","All chests / Packs"